user_id,group,converted,cancelled_before_day3
cont_01208,control,0,0
cont_01301,control,1,0
trea_00344,treatment,0,0
cont_00705,control,0,0
trea_01003,treatment,1,0
trea_00334,treatment,0,0
trea_00019,treatment,0,0
trea_00320,treatment,0,0
trea_00561,treatment,0,0
trea_00649,treatment,0,0
trea_01138,treatment,0,0
trea_00790,treatment,0,0
cont_00372,control,0,0
cont_00189,control,0,0
cont_01317,control,1,0
cont_00877,control,0,0
trea_00961,treatment,0,0
cont_01471,control,0,0
cont_00101,control,0,0
cont_00297,control,0,0
trea_00516,treatment,1,0
trea_00016,treatment,0,0
trea_00150,treatment,0,0
cont_00891,control,0,0
trea_00361,treatment,0,0
trea_00278,treatment,0,0
trea_00268,treatment,0,0
cont_01502,control,1,0
trea_00879,treatment,0,0
trea_01464,treatment,0,0
cont_00960,control,0,0
trea_00235,treatment,1,0
trea_01362,treatment,1,0
cont_00116,control,0,0
cont_01381,control,1,0
trea_01543,treatment,0,0
trea_00205,treatment,0,0
cont_00679,control,0,0
cont_00037,control,0,0
cont_01025,control,0,0
trea_00613,treatment,0,0
cont_00381,control,0,0
cont_00567,control,0,0
trea_00095,treatment,0,0
cont_00162,control,0,0
cont_00141,control,0,0
trea_01002,treatment,0,0
cont_00935,control,0,1
trea_00650,treatment,0,0
cont_00902,control,0,0
trea_00243,treatment,0,0
cont_00851,control,0,0
cont_00978,control,0,0
trea_00214,treatment,0,0
cont_00269,control,1,0
cont_00522,control,0,1
trea_00154,treatment,1,0
trea_00591,treatment,0,0
cont_01435,control,0,0
trea_00763,treatment,0,0
cont_01252,control,1,0
trea_00061,treatment,0,0
trea_01159,treatment,1,0
trea_00451,treatment,1,0
trea_00494,treatment,0,0
cont_00311,control,0,0
cont_00823,control,0,0
trea_01099,treatment,1,0
trea_01372,treatment,0,0
trea_00279,treatment,0,0
trea_00273,treatment,0,0
trea_00735,treatment,0,1
trea_00641,treatment,0,0
cont_01523,control,0,0
trea_01482,treatment,0,0
trea_01309,treatment,0,0
trea_00145,treatment,0,0
cont_00470,control,0,0
trea_01355,treatment,0,0
cont_01169,control,0,0
trea_01130,treatment,1,0
trea_00873,treatment,0,1
cont_00578,control,0,0
trea_00122,treatment,0,0
cont_01309,control,1,0
trea_00522,treatment,0,0
trea_00521,treatment,1,0
trea_01494,treatment,0,0
trea_00244,treatment,0,0
trea_00094,treatment,0,0
cont_01504,control,0,0
trea_01496,treatment,0,0
trea_00485,treatment,0,0
cont_01472,control,0,0
trea_00674,treatment,0,0
cont_01272,control,0,0
trea_01249,treatment,0,1
trea_00601,treatment,1,0
trea_00682,treatment,0,0
trea_01055,treatment,1,0
cont_01467,control,0,0
cont_01254,control,1,0
trea_00543,treatment,0,0
cont_01539,control,0,0
trea_00662,treatment,0,0
cont_00224,control,0,0
trea_00942,treatment,0,0
cont_01039,control,0,0
cont_00598,control,1,0
cont_01359,control,0,0
cont_00881,control,0,0
trea_00065,treatment,0,0
trea_00835,treatment,0,1
trea_00359,treatment,0,0
trea_01413,treatment,0,0
trea_00465,treatment,1,0
cont_00335,control,1,0
trea_01333,treatment,0,0
cont_00277,control,0,0
trea_00182,treatment,0,0
cont_00357,control,0,0
cont_00527,control,0,1
trea_01407,treatment,0,0
cont_00700,control,0,0
trea_01312,treatment,0,0
cont_00211,control,0,1
trea_01503,treatment,1,0
cont_00748,control,0,0
cont_00668,control,0,0
cont_01141,control,0,0
trea_01397,treatment,1,0
trea_00668,treatment,0,0
trea_00247,treatment,1,0
trea_01018,treatment,0,0
cont_00718,control,0,0
cont_00034,control,1,0
trea_00885,treatment,0,0
trea_00534,treatment,0,0
trea_01550,treatment,0,0
trea_01477,treatment,0,0
trea_00271,treatment,0,0
trea_00193,treatment,1,0
cont_00958,control,0,0
cont_00886,control,1,0
cont_01524,control,0,0
trea_01182,treatment,1,0
cont_00373,control,0,0
trea_00002,treatment,0,0
trea_01323,treatment,0,0
cont_00585,control,1,0
cont_01152,control,1,0
cont_00176,control,0,0
cont_00887,control,0,0
trea_00011,treatment,1,0
cont_00893,control,1,0
trea_00498,treatment,0,1
cont_00591,control,0,0
trea_00417,treatment,0,0
trea_00630,treatment,0,0
trea_01492,treatment,0,0
cont_01433,control,1,0
cont_01316,control,0,0
cont_00043,control,0,0
cont_00998,control,1,0
trea_00888,treatment,0,0
trea_00575,treatment,0,1
trea_01439,treatment,0,0
cont_01075,control,0,0
cont_00555,control,1,0
trea_01096,treatment,0,0
cont_01212,control,0,1
trea_01480,treatment,1,0
trea_00000,treatment,0,0
trea_01024,treatment,1,0
trea_00126,treatment,0,0
cont_01313,control,0,0
trea_01430,treatment,0,0
cont_01110,control,0,0
trea_01408,treatment,1,0
trea_01262,treatment,0,0
trea_01553,treatment,1,0
trea_01201,treatment,0,0
trea_00984,treatment,0,0
cont_00795,control,0,0
cont_00571,control,0,0
trea_01048,treatment,1,0
cont_00806,control,1,0
cont_00642,control,1,0
trea_00008,treatment,0,0
cont_00728,control,0,1
cont_00744,control,0,0
trea_00400,treatment,0,1
cont_00259,control,0,0
cont_01446,control,0,0
trea_01386,treatment,1,0
cont_00288,control,0,0
cont_01295,control,0,0
trea_00052,treatment,0,0
trea_00366,treatment,0,0
cont_00135,control,0,0
cont_01315,control,0,0
cont_00520,control,0,0
trea_01165,treatment,0,1
trea_01086,treatment,1,0
trea_00282,treatment,0,0
trea_00481,treatment,0,0
trea_01417,treatment,0,0
cont_00847,control,1,0
trea_00928,treatment,1,0
cont_01053,control,1,0
trea_00729,treatment,0,0
trea_00703,treatment,1,0
cont_01437,control,0,0
trea_01082,treatment,0,0
trea_01160,treatment,0,0
trea_00018,treatment,1,0
trea_01068,treatment,0,0
cont_01450,control,1,0
cont_01563,control,0,0
trea_01424,treatment,0,0
cont_01478,control,0,0
cont_00648,control,0,0
cont_00361,control,0,0
trea_01183,treatment,1,0
cont_00771,control,0,0
trea_00766,treatment,1,0
trea_01008,treatment,0,0
trea_00504,treatment,0,0
cont_00122,control,0,0
cont_00230,control,0,0
trea_01196,treatment,0,0
trea_00155,treatment,0,0
cont_00005,control,0,0
cont_00542,control,0,0
trea_01152,treatment,0,0
cont_00232,control,0,0
cont_01432,control,0,0
cont_00509,control,0,0
cont_01084,control,0,0
trea_01009,treatment,0,0
trea_00651,treatment,0,0
cont_00029,control,0,0
cont_00831,control,0,0
trea_01295,treatment,1,0
trea_01213,treatment,1,0
trea_00097,treatment,0,0
cont_01424,control,1,0
trea_00028,treatment,0,0
trea_01462,treatment,1,0
cont_00916,control,0,0
cont_00495,control,0,0
trea_00540,treatment,0,0
cont_00948,control,1,0
trea_00872,treatment,0,0
cont_01443,control,0,0
trea_00742,treatment,0,0
trea_00892,treatment,0,0
cont_00088,control,0,0
trea_00990,treatment,0,0
cont_00999,control,0,1
trea_00708,treatment,0,0
trea_01519,treatment,0,0
cont_01491,control,0,0
trea_00148,treatment,1,0
cont_01020,control,0,0
cont_00716,control,0,0
trea_01273,treatment,0,0
cont_00933,control,0,0
trea_01084,treatment,0,1
cont_00690,control,0,0
trea_00480,treatment,0,0
trea_00753,treatment,0,0
cont_00319,control,0,0
trea_00931,treatment,0,0
cont_01357,control,0,0
trea_01443,treatment,1,0
cont_01410,control,0,0
cont_01245,control,0,0
cont_00880,control,1,0
cont_00508,control,0,0
cont_00419,control,0,0
trea_01531,treatment,0,0
trea_01418,treatment,0,0
trea_00625,treatment,0,0
cont_00100,control,0,1
cont_00692,control,1,0
trea_01039,treatment,0,0
trea_00951,treatment,1,0
cont_00327,control,1,0
trea_00226,treatment,0,0
trea_00758,treatment,0,0
cont_00070,control,0,0
trea_01346,treatment,1,0
trea_00780,treatment,0,0
trea_01493,treatment,0,0
trea_00999,treatment,1,0
cont_00627,control,0,0
cont_00866,control,0,0
trea_00117,treatment,0,0
cont_01193,control,0,0
trea_01437,treatment,1,0
cont_00868,control,0,0
cont_01238,control,0,1
cont_01454,control,0,0
cont_00270,control,0,0
cont_00036,control,0,0
trea_01135,treatment,0,1
cont_00312,control,0,0
cont_00538,control,1,0
cont_01274,control,0,0
trea_01360,treatment,0,0
cont_01098,control,0,0
cont_00317,control,0,0
cont_00450,control,0,0
cont_01405,control,0,0
trea_00302,treatment,0,0
trea_01354,treatment,0,0
cont_01126,control,0,0
cont_00801,control,0,0
trea_00654,treatment,0,0
cont_00938,control,0,0
trea_01389,treatment,0,0
cont_00107,control,0,0
cont_01189,control,0,1
trea_00860,treatment,1,0
trea_01563,treatment,1,0
trea_00843,treatment,1,0
cont_01496,control,0,0
cont_00630,control,0,0
cont_00894,control,0,0
cont_01436,control,0,0
cont_00920,control,0,1
trea_01509,treatment,0,0
cont_00797,control,0,0
trea_00656,treatment,0,0
trea_01118,treatment,1,0
cont_01044,control,1,0
trea_00331,treatment,0,0
cont_00306,control,0,0
cont_01176,control,0,0
trea_01521,treatment,1,0
cont_00145,control,1,0
trea_00241,treatment,1,0
trea_01454,treatment,0,0
cont_00233,control,0,0
cont_00922,control,0,0
cont_01533,control,0,0
cont_01518,control,0,0
cont_01016,control,0,0
cont_00161,control,0,0
cont_01340,control,0,0
cont_01166,control,0,0
trea_00859,treatment,0,0
cont_01133,control,1,0
trea_00941,treatment,0,0
trea_01228,treatment,1,0
cont_00854,control,0,0
cont_00906,control,0,0
trea_00405,treatment,0,0
trea_01231,treatment,0,0
cont_00908,control,0,0
trea_00749,treatment,0,0
trea_00979,treatment,0,0
cont_00163,control,0,0
trea_01035,treatment,0,0
trea_01217,treatment,0,0
cont_00844,control,1,0
cont_00274,control,0,0
cont_00302,control,0,0
cont_00031,control,0,0
cont_01402,control,0,0
cont_00000,control,1,0
cont_00588,control,0,0
cont_01374,control,0,0
cont_01273,control,1,0
cont_00457,control,0,0
trea_00477,treatment,1,0
cont_00293,control,0,0
trea_00229,treatment,1,0
trea_00376,treatment,0,0
trea_00632,treatment,0,0
cont_00544,control,0,0
trea_00022,treatment,0,0
trea_00598,treatment,0,0
trea_00024,treatment,1,0
cont_00784,control,0,0
cont_00148,control,0,0
cont_00633,control,0,0
trea_00908,treatment,0,1
cont_01187,control,0,0
cont_00681,control,0,0
cont_01369,control,1,0
cont_00287,control,0,0
trea_01111,treatment,1,0
trea_00531,treatment,1,0
cont_01265,control,0,0
cont_00539,control,0,0
trea_00387,treatment,0,0
trea_00787,treatment,1,0
trea_01125,treatment,0,0
trea_00546,treatment,0,0
trea_01233,treatment,0,0
cont_00753,control,0,0
cont_00033,control,0,0
trea_00557,treatment,0,0
cont_00751,control,0,0
trea_00974,treatment,0,0
trea_00634,treatment,0,1
trea_00568,treatment,0,0
cont_00354,control,0,0
cont_00455,control,0,0
cont_00046,control,0,0
trea_00134,treatment,0,1
trea_00240,treatment,0,0
trea_01502,treatment,0,0
trea_00105,treatment,1,0
trea_01421,treatment,0,0
cont_00607,control,0,0
trea_00840,treatment,0,0
cont_00825,control,0,0
trea_00047,treatment,0,0
trea_01465,treatment,0,0
trea_00595,treatment,0,0
trea_01322,treatment,0,0
trea_00580,treatment,0,0
cont_01512,control,0,0
trea_00149,treatment,0,0
cont_00570,control,0,0
trea_00877,treatment,0,0
cont_00828,control,1,0
trea_00604,treatment,0,0
trea_00906,treatment,0,0
cont_01116,control,1,0
trea_00176,treatment,0,0
cont_00897,control,0,0
trea_00519,treatment,0,0
cont_01425,control,0,0
trea_01004,treatment,0,0
trea_00066,treatment,0,0
trea_01434,treatment,0,0
trea_01133,treatment,0,0
trea_01012,treatment,0,0
cont_00276,control,0,1
cont_01237,control,0,0
trea_00295,treatment,0,0
cont_00645,control,1,0
trea_01401,treatment,0,0
cont_01364,control,0,0
cont_00239,control,0,0
cont_01535,control,0,0
cont_00280,control,0,0
trea_00565,treatment,0,0
cont_01054,control,0,0
cont_00154,control,0,0
trea_01294,treatment,0,0
cont_01464,control,0,0
trea_00523,treatment,0,0
trea_01534,treatment,1,0
trea_00621,treatment,0,0
trea_00479,treatment,0,1
cont_00956,control,1,0
trea_00822,treatment,0,0
cont_01319,control,0,0
trea_01327,treatment,0,0
trea_00847,treatment,1,0
trea_00938,treatment,0,0
cont_00445,control,0,0
cont_01304,control,0,0
trea_00260,treatment,0,0
trea_01067,treatment,1,0
cont_01306,control,0,0
cont_01404,control,0,0
trea_01057,treatment,0,1
cont_01263,control,1,0
trea_00688,treatment,0,0
cont_00463,control,0,0
cont_01168,control,0,0
cont_00803,control,0,0
trea_01499,treatment,0,0
trea_00774,treatment,0,0
cont_00481,control,0,0
trea_00338,treatment,0,0
cont_00677,control,0,0
cont_00219,control,0,0
cont_00178,control,0,0
cont_00041,control,0,0
trea_00804,treatment,0,0
cont_01269,control,0,0
cont_00378,control,0,0
cont_01536,control,0,0
cont_00889,control,0,0
trea_01091,treatment,0,0
trea_01485,treatment,0,0
trea_00135,treatment,0,0
trea_00555,treatment,1,0
cont_00653,control,0,0
trea_01305,treatment,0,0
trea_01066,treatment,1,0
trea_00732,treatment,1,0
trea_00747,treatment,1,0
trea_00920,treatment,0,0
trea_00053,treatment,0,1
trea_00799,treatment,0,0
trea_00100,treatment,0,0
cont_00164,control,0,0
trea_00180,treatment,0,0
cont_00708,control,1,0
cont_01391,control,1,0
cont_00326,control,0,0
trea_00264,treatment,0,0
trea_00723,treatment,0,0
trea_00636,treatment,0,0
cont_00423,control,0,0
cont_01549,control,1,0
cont_01526,control,1,0
cont_01088,control,0,0
trea_00077,treatment,0,0
trea_00286,treatment,0,0
cont_00125,control,0,0
trea_00584,treatment,0,0
trea_00083,treatment,0,0
trea_00353,treatment,1,0
cont_00467,control,0,0
cont_00003,control,1,0
cont_01353,control,0,0
cont_00338,control,0,0
trea_01034,treatment,1,0
cont_00058,control,0,0
trea_00946,treatment,0,0
cont_01007,control,1,0
trea_00267,treatment,0,0
trea_00508,treatment,0,0
cont_00322,control,0,0
trea_00567,treatment,1,0
trea_00851,treatment,0,0
trea_00175,treatment,0,1
trea_00471,treatment,0,0
trea_00791,treatment,1,0
cont_01497,control,1,0
cont_01421,control,0,0
trea_00266,treatment,0,0
trea_01115,treatment,0,0
trea_00769,treatment,0,0
cont_00548,control,0,0
trea_01313,treatment,0,0
trea_01471,treatment,0,0
trea_00410,treatment,0,0
cont_01314,control,1,0
cont_01361,control,1,0
cont_00272,control,1,0
cont_00062,control,0,0
cont_00009,control,0,0
cont_00103,control,1,0
trea_00440,treatment,0,0
trea_00644,treatment,0,0
trea_01459,treatment,0,0
cont_00030,control,0,0
cont_01012,control,0,0
trea_00665,treatment,1,0
trea_01344,treatment,1,0
cont_01554,control,1,0
trea_00415,treatment,0,0
cont_00087,control,0,0
cont_00300,control,1,0
trea_00448,treatment,1,0
cont_00170,control,0,0
trea_01363,treatment,0,0
cont_00707,control,0,0
trea_00113,treatment,0,0
trea_01511,treatment,1,0
trea_01349,treatment,0,0
cont_01509,control,0,0
cont_01556,control,0,0
cont_00205,control,0,0
cont_00583,control,0,0
trea_01037,treatment,0,1
trea_01150,treatment,0,0
cont_01542,control,0,1
cont_00514,control,0,0
cont_01055,control,0,0
cont_00498,control,1,0
trea_00070,treatment,0,0
cont_00962,control,1,0
cont_01178,control,0,0
cont_00670,control,0,0
trea_01428,treatment,1,0
trea_01232,treatment,0,0
trea_00386,treatment,0,0
trea_00926,treatment,0,0
trea_00612,treatment,0,0
trea_00658,treatment,0,0
cont_00427,control,0,0
trea_00767,treatment,0,0
trea_00392,treatment,0,0
trea_01348,treatment,0,0
cont_00873,control,0,0
cont_00965,control,0,0
cont_00749,control,0,0
trea_01269,treatment,0,0
cont_01209,control,0,0
trea_00801,treatment,0,0
trea_00794,treatment,0,0
trea_00692,treatment,1,0
trea_00718,treatment,1,0
cont_00586,control,0,0
trea_00518,treatment,1,0
trea_01453,treatment,0,0
trea_00466,treatment,0,0
cont_00662,control,0,0
trea_00364,treatment,1,0
trea_01507,treatment,0,0
trea_00685,treatment,0,0
trea_00343,treatment,1,0
cont_00309,control,1,0
trea_01075,treatment,0,0
cont_00698,control,0,0
cont_00169,control,0,0
trea_00607,treatment,0,0
cont_00193,control,0,0
cont_00530,control,0,0
trea_00409,treatment,0,0
trea_00482,treatment,0,0
trea_00490,treatment,0,0
cont_00664,control,0,0
cont_01286,control,0,0
trea_00237,treatment,1,0
trea_00327,treatment,1,0
cont_00977,control,0,0
trea_00681,treatment,1,0
trea_01250,treatment,0,0
trea_00564,treatment,0,0
trea_00012,treatment,0,0
cont_00150,control,0,0
trea_00524,treatment,0,0
cont_01182,control,1,0
trea_01155,treatment,1,0
cont_01344,control,0,0
cont_00915,control,0,0
cont_00370,control,1,0
cont_01221,control,0,0
cont_01354,control,0,0
cont_00994,control,0,0
trea_00078,treatment,0,0
cont_00725,control,0,0
trea_01174,treatment,0,0
trea_00834,treatment,1,0
cont_01538,control,0,0
cont_01287,control,0,0
cont_01233,control,0,0
trea_00991,treatment,0,0
cont_01417,control,1,0
cont_00446,control,0,0
trea_00419,treatment,0,0
trea_00505,treatment,0,0
cont_00579,control,1,0
trea_00997,treatment,1,0
cont_00807,control,1,0
cont_00039,control,0,0
cont_01123,control,0,1
trea_01440,treatment,0,0
cont_01281,control,0,0
cont_00940,control,0,0
trea_00428,treatment,0,0
cont_00501,control,0,0
trea_00830,treatment,0,0
cont_01105,control,0,1
trea_00146,treatment,0,0
cont_00896,control,0,0
trea_00224,treatment,1,0
cont_00747,control,0,0
trea_00937,treatment,1,0
cont_01183,control,0,0
trea_01044,treatment,0,0
trea_00617,treatment,0,0
trea_00445,treatment,0,0
trea_00084,treatment,0,0
cont_00200,control,1,0
trea_00778,treatment,0,0
cont_00997,control,0,0
trea_01414,treatment,0,0
trea_00748,treatment,1,0
trea_00378,treatment,0,1
cont_00723,control,0,0
cont_00890,control,1,0
cont_01415,control,0,0
cont_00290,control,0,0
trea_01458,treatment,0,0
trea_00407,treatment,0,0
cont_00474,control,1,0
cont_00389,control,0,0
trea_01244,treatment,0,0
cont_01552,control,0,0
cont_01223,control,0,0
cont_01028,control,0,0
trea_01420,treatment,0,0
trea_01334,treatment,0,0
cont_00307,control,0,0
trea_00168,treatment,1,0
trea_01168,treatment,0,0
trea_00530,treatment,0,0
cont_01345,control,0,0
cont_01172,control,0,0
trea_01318,treatment,1,0
cont_00443,control,0,0
trea_01452,treatment,0,0
trea_01017,treatment,0,0
cont_00432,control,0,0
cont_01216,control,0,0
trea_01139,treatment,0,0
trea_00315,treatment,0,0
trea_01498,treatment,0,0
cont_01104,control,0,0
trea_01026,treatment,0,0
cont_00799,control,0,0
cont_00492,control,0,0
cont_00278,control,0,0
trea_00339,treatment,0,0
trea_01022,treatment,0,0
cont_01249,control,1,0
trea_01169,treatment,1,0
trea_00919,treatment,0,0
cont_00310,control,0,0
cont_00761,control,0,0
trea_00967,treatment,0,1
trea_00945,treatment,0,0
trea_00875,treatment,0,0
trea_01147,treatment,0,0
trea_01490,treatment,0,1
trea_00021,treatment,0,0
cont_00318,control,1,0
trea_01549,treatment,0,0
cont_01355,control,0,0
cont_01160,control,0,0
cont_00519,control,0,0
trea_00406,treatment,0,0
trea_00661,treatment,0,0
trea_01297,treatment,0,0
trea_00982,treatment,1,0
trea_01289,treatment,0,0
trea_01047,treatment,0,0
cont_01517,control,0,0
trea_00369,treatment,0,0
cont_00144,control,0,0
trea_01278,treatment,0,0
cont_01365,control,0,0
cont_00197,control,0,0
cont_00071,control,0,0
trea_00314,treatment,0,0
trea_00620,treatment,0,0
cont_00006,control,0,1
cont_00644,control,0,0
cont_01057,control,0,0
cont_00187,control,1,0
cont_00329,control,0,0
trea_01379,treatment,1,0
cont_01032,control,0,0
cont_00622,control,0,0
cont_01384,control,0,0
cont_00736,control,0,0
cont_00712,control,0,0
trea_00743,treatment,0,0
cont_00254,control,1,0
trea_00570,treatment,0,0
trea_00239,treatment,0,0
cont_00552,control,0,0
trea_01373,treatment,0,0
cont_00986,control,0,0
trea_00355,treatment,1,0
trea_00324,treatment,1,0
trea_00922,treatment,0,0
trea_01383,treatment,0,0
trea_01290,treatment,0,0
cont_00768,control,0,0
trea_00695,treatment,1,0
trea_00230,treatment,0,0
trea_01540,treatment,1,0
trea_01016,treatment,0,0
trea_00060,treatment,0,1
cont_01257,control,0,0
cont_00829,control,0,0
cont_01128,control,0,0
cont_00137,control,0,0
cont_01520,control,0,0
trea_00412,treatment,0,1
trea_00615,treatment,0,0
trea_01393,treatment,0,0
cont_00742,control,0,0
trea_01487,treatment,0,0
cont_01003,control,0,0
trea_01237,treatment,0,0
cont_00209,control,0,0
trea_00140,treatment,0,0
trea_00041,treatment,1,0
trea_00030,treatment,0,0
cont_00303,control,0,0
cont_01047,control,0,0
cont_01148,control,0,0
trea_00263,treatment,0,0
cont_01146,control,0,0
trea_01522,treatment,0,0
cont_01255,control,0,0
cont_01550,control,0,0
trea_01010,treatment,0,1
cont_00883,control,1,0
trea_00408,treatment,0,0
cont_01192,control,0,0
cont_00316,control,0,0
cont_01503,control,1,0
cont_00777,control,0,0
trea_00592,treatment,0,0
trea_00826,treatment,0,0
trea_00274,treatment,0,0
cont_01347,control,0,0
cont_00721,control,0,0
trea_00687,treatment,0,0
cont_00515,control,1,0
cont_00238,control,1,0
trea_00629,treatment,0,0
trea_00233,treatment,0,0
trea_01069,treatment,0,0
cont_00391,control,0,0
trea_00119,treatment,1,0
cont_00599,control,1,0
cont_01113,control,0,0
cont_01557,control,0,0
trea_00803,treatment,0,0
trea_00722,treatment,0,0
trea_00837,treatment,0,0
trea_01324,treatment,0,1
trea_00678,treatment,0,0
trea_00049,treatment,0,0
cont_00779,control,0,0
trea_01279,treatment,0,0
trea_00864,treatment,1,0
cont_00340,control,0,0
cont_01034,control,0,0
cont_01052,control,0,0
cont_00789,control,0,0
trea_01225,treatment,0,0
cont_00397,control,0,0
cont_00946,control,0,0
trea_01076,treatment,0,0
trea_01301,treatment,0,1
trea_01230,treatment,1,0
cont_00097,control,0,0
trea_00189,treatment,0,0
cont_01155,control,0,0
cont_00582,control,0,0
trea_00395,treatment,0,0
trea_01081,treatment,0,0
trea_01161,treatment,0,0
cont_00104,control,0,0
cont_01522,control,0,0
trea_01265,treatment,0,0
cont_01114,control,0,0
trea_01316,treatment,1,0
cont_01350,control,0,0
trea_00924,treatment,0,1
cont_01485,control,1,0
trea_00312,treatment,1,0
trea_00484,treatment,0,0
trea_01163,treatment,0,0
cont_00665,control,0,0
cont_01082,control,0,0
trea_00203,treatment,0,0
trea_00581,treatment,0,0
cont_00067,control,0,0
trea_00330,treatment,0,0
cont_00469,control,0,0
trea_00927,treatment,0,0
cont_01336,control,0,0
trea_01085,treatment,0,0
trea_00776,treatment,0,0
trea_00868,treatment,0,0
trea_01105,treatment,0,0
trea_00948,treatment,0,0
cont_00177,control,0,0
cont_00331,control,1,0
trea_01337,treatment,0,0
trea_00304,treatment,0,0
cont_00218,control,0,0
cont_00237,control,0,0
cont_01418,control,1,0
cont_00438,control,0,0
cont_00404,control,0,0
cont_00554,control,0,0
trea_00761,treatment,0,0
cont_00639,control,0,0
trea_01311,treatment,0,0
trea_01062,treatment,1,0
trea_00058,treatment,0,0
trea_00143,treatment,0,0
cont_00996,control,0,0
cont_00835,control,0,0
trea_01382,treatment,0,0
trea_01384,treatment,0,0
cont_00425,control,0,0
cont_01019,control,1,0
cont_00900,control,0,0
cont_00741,control,0,0
trea_00184,treatment,0,1
trea_00929,treatment,0,0
cont_01048,control,0,0
cont_01151,control,0,0
cont_00816,control,0,0
cont_00098,control,0,0
cont_00903,control,0,0
trea_00414,treatment,0,0
cont_00064,control,1,0
cont_01531,control,1,0
trea_00269,treatment,0,0
trea_01375,treatment,0,0
cont_00980,control,0,0
trea_00527,treatment,0,0
trea_00436,treatment,0,0
cont_00028,control,0,0
trea_00384,treatment,1,0
trea_00810,treatment,1,0
trea_00144,treatment,0,0
cont_00204,control,0,0
cont_00244,control,1,0
trea_00902,treatment,0,0
trea_01197,treatment,0,0
trea_00611,treatment,0,0
cont_00785,control,0,0
trea_00883,treatment,0,0
trea_01505,treatment,1,0
trea_00895,treatment,0,0
trea_01406,treatment,0,0
cont_00612,control,0,0
trea_00285,treatment,0,0
trea_00608,treatment,0,0
trea_00248,treatment,0,0
cont_00706,control,0,0
cont_00399,control,0,0
cont_00105,control,1,0
trea_00808,treatment,0,1
trea_00933,treatment,1,0
trea_01517,treatment,1,0
cont_01352,control,1,0
trea_00759,treatment,0,0
trea_00120,treatment,1,0
cont_01529,control,0,0
cont_00650,control,0,0
trea_00686,treatment,0,0
cont_00048,control,0,0
cont_00713,control,1,0
trea_00878,treatment,0,0
cont_00954,control,1,0
trea_01306,treatment,0,0
cont_01253,control,0,0
trea_00975,treatment,0,0
cont_00035,control,0,0
cont_00731,control,0,0
cont_01439,control,0,0
trea_00345,treatment,0,0
cont_01565,control,1,0
trea_01565,treatment,1,0
cont_00157,control,0,0
trea_01513,treatment,0,0
cont_01310,control,0,0
cont_00011,control,0,0
cont_01465,control,0,0
cont_01372,control,0,1
cont_00079,control,0,0
trea_01544,treatment,0,0
trea_01181,treatment,0,0
cont_00759,control,0,1
cont_00547,control,1,0
trea_00476,treatment,0,0
cont_01406,control,0,0
trea_00326,treatment,1,0
cont_00102,control,0,0
trea_00402,treatment,0,0
cont_00018,control,0,0
trea_01063,treatment,0,0
trea_00996,treatment,0,0
trea_00812,treatment,1,0
trea_01120,treatment,0,0
trea_00556,treatment,0,0
trea_00828,treatment,0,0
cont_00482,control,0,0
trea_00977,treatment,0,0
cont_01326,control,1,0
cont_01074,control,0,0
cont_00730,control,0,0
cont_01030,control,0,0
trea_00435,treatment,1,0
trea_01548,treatment,1,0
trea_00916,treatment,0,0
cont_00069,control,1,0
trea_00914,treatment,0,0
cont_00496,control,1,0
trea_01371,treatment,1,0
trea_00020,treatment,0,0
cont_00686,control,0,0
trea_00773,treatment,0,0
cont_00139,control,1,0
cont_01069,control,0,0
trea_01087,treatment,0,0
cont_01120,control,0,0
cont_00256,control,0,1
trea_01157,treatment,1,0
trea_01089,treatment,0,0
trea_00805,treatment,0,0
trea_01302,treatment,1,0
trea_00056,treatment,0,0
cont_00408,control,0,0
trea_00816,treatment,0,0
trea_00680,treatment,0,0
trea_01558,treatment,1,0
cont_00472,control,0,0
trea_01325,treatment,0,0
trea_00423,treatment,0,0
cont_00711,control,0,0
cont_00654,control,0,0
cont_01247,control,0,0
cont_00027,control,0,0
trea_01551,treatment,0,0
cont_00045,control,1,0
cont_00518,control,0,0
cont_00212,control,0,0
cont_01275,control,0,0
cont_00337,control,1,0
trea_01310,treatment,0,1
cont_00839,control,0,0
trea_01557,treatment,0,0
cont_00215,control,0,0
cont_00156,control,0,0
cont_01400,control,0,0
trea_00684,treatment,0,0
cont_00842,control,0,0
cont_01010,control,0,0
cont_00444,control,1,0
cont_00136,control,1,0
trea_01006,treatment,0,0
cont_00560,control,0,0
cont_00323,control,1,0
trea_00223,treatment,0,0
cont_01332,control,0,0
cont_00805,control,0,0
trea_01367,treatment,0,0
cont_00375,control,0,0
trea_00667,treatment,1,0
trea_01479,treatment,0,0
cont_01473,control,1,0
trea_00394,treatment,0,0
trea_00579,treatment,0,0
cont_00850,control,0,0
trea_00734,treatment,0,0
cont_01087,control,0,0
cont_00609,control,0,0
trea_01065,treatment,0,0
trea_00781,treatment,0,0
cont_00589,control,0,0
trea_00259,treatment,0,1
trea_00705,treatment,0,0
trea_00846,treatment,0,0
cont_00942,control,0,0
trea_00572,treatment,0,0
cont_01115,control,0,0
cont_00505,control,0,0
trea_01285,treatment,0,0
cont_00131,control,0,0
cont_00912,control,0,0
trea_00397,treatment,0,0
cont_00015,control,0,0
trea_00642,treatment,0,0
trea_00589,treatment,0,0
cont_00939,control,0,0
trea_00298,treatment,0,0
trea_00512,treatment,0,0
trea_00807,treatment,0,0
cont_00325,control,0,0
trea_01235,treatment,0,0
cont_01215,control,0,0
trea_00371,treatment,0,0
trea_00172,treatment,1,0
trea_01448,treatment,0,0
cont_00422,control,0,0
cont_00796,control,1,0
trea_01438,treatment,1,0
cont_00979,control,1,0
cont_00856,control,0,0
trea_00437,treatment,0,0
trea_01394,treatment,0,0
cont_01403,control,0,1
trea_01112,treatment,0,0
cont_01461,control,0,0
trea_00918,treatment,0,0
cont_01111,control,0,0
cont_00022,control,0,0
cont_01548,control,0,0
cont_00754,control,0,0
trea_01526,treatment,0,0
cont_00931,control,0,0
trea_00887,treatment,0,0
cont_01073,control,0,0
cont_01401,control,0,0
trea_00238,treatment,0,0
trea_00288,treatment,0,0
cont_01328,control,0,0
cont_00790,control,0,0
trea_01455,treatment,0,0
trea_00862,treatment,1,0
cont_00382,control,0,0
trea_00744,treatment,1,0
trea_01370,treatment,0,0
cont_01129,control,0,0
cont_00363,control,0,0
trea_00980,treatment,1,0
trea_00995,treatment,1,0
cont_00190,control,0,0
trea_00188,treatment,0,1
cont_00924,control,0,0
cont_01368,control,0,0
cont_00222,control,0,0
cont_00972,control,0,0
cont_00385,control,1,0
cont_00791,control,0,0
cont_01094,control,0,0
trea_01315,treatment,1,0
cont_01125,control,0,0
cont_00418,control,0,0
trea_01021,treatment,0,0
cont_00800,control,0,0
cont_00676,control,0,0
trea_00886,treatment,1,0
trea_01224,treatment,0,0
trea_00728,treatment,1,0
trea_00003,treatment,0,0
trea_01343,treatment,0,0
trea_01239,treatment,0,0
cont_01101,control,0,0
trea_01028,treatment,0,0
cont_00871,control,0,0
cont_00858,control,1,0
cont_00461,control,0,0
trea_00104,treatment,0,0
cont_00726,control,0,0
cont_01023,control,0,0
trea_00063,treatment,0,0
trea_01461,treatment,0,0
trea_00015,treatment,0,0
cont_00284,control,0,0
cont_00767,control,1,0
trea_00487,treatment,0,0
cont_01143,control,0,0
trea_00391,treatment,0,0
cont_01493,control,0,1
trea_01377,treatment,0,0
trea_00582,treatment,0,0
cont_00878,control,0,0
cont_00384,control,0,0
cont_01483,control,0,0
cont_01487,control,0,0
cont_01501,control,0,0
cont_00944,control,0,0
cont_00959,control,0,0
cont_01131,control,0,0
trea_01158,treatment,0,0
cont_01205,control,0,0
cont_00971,control,1,0
cont_00429,control,0,0
cont_00464,control,0,0
cont_01194,control,0,0
cont_00814,control,0,0
trea_00349,treatment,1,0
trea_00970,treatment,0,0
trea_01172,treatment,0,0
cont_00024,control,0,0
cont_00830,control,0,0
trea_01218,treatment,1,0
trea_00646,treatment,1,0
cont_00577,control,1,0
trea_00782,treatment,0,0
trea_00069,treatment,0,0
cont_00534,control,0,0
cont_01112,control,1,0
cont_00282,control,0,0
trea_00983,treatment,0,0
cont_00562,control,0,0
trea_00614,treatment,1,0
trea_01146,treatment,0,0
trea_00966,treatment,0,0
cont_00402,control,0,0
cont_01499,control,0,0
trea_00554,treatment,0,1
trea_01495,treatment,0,0
cont_00078,control,1,0
trea_00040,treatment,0,0
trea_00921,treatment,0,0
cont_01298,control,0,1
cont_00201,control,0,0
trea_01136,treatment,0,0
cont_00566,control,0,0
cont_00160,control,0,0
trea_01300,treatment,0,0
trea_01376,treatment,0,0
cont_01027,control,0,0
cont_01466,control,0,0
trea_00963,treatment,1,0
trea_00768,treatment,0,0
cont_00155,control,1,0
cont_00543,control,0,0
trea_00433,treatment,0,0
cont_00904,control,0,0
trea_00953,treatment,0,0
trea_00322,treatment,0,0
cont_00783,control,0,0
trea_00116,treatment,1,0
trea_00262,treatment,1,0
trea_00793,treatment,0,0
trea_01090,treatment,0,0
cont_00837,control,0,0
trea_01193,treatment,0,0
trea_00820,treatment,0,0
cont_00923,control,0,0
trea_01267,treatment,0,0
cont_00688,control,0,0
trea_00985,treatment,0,0
cont_00952,control,0,0
trea_00844,treatment,0,0
trea_01361,treatment,0,1
cont_01358,control,0,0
trea_01209,treatment,0,0
cont_01260,control,0,0
cont_01423,control,0,0
cont_00604,control,0,1
trea_01207,treatment,0,0
trea_01299,treatment,0,0
trea_00280,treatment,0,0
cont_01127,control,0,0
cont_00521,control,0,0
trea_01546,treatment,1,0
trea_01206,treatment,1,0
trea_01442,treatment,0,0
trea_00818,treatment,0,0
trea_00594,treatment,1,0
cont_00626,control,0,0
cont_00447,control,1,0
cont_00810,control,0,0
trea_01243,treatment,0,0
trea_01153,treatment,0,0
cont_00415,control,0,1
trea_01107,treatment,0,0
cont_00424,control,0,0
trea_00635,treatment,0,0
trea_00539,treatment,0,0
trea_01255,treatment,0,0
trea_01304,treatment,0,0
cont_00549,control,0,0
cont_00970,control,1,0
cont_01013,control,0,0
cont_00989,control,0,0
cont_01076,control,0,1
cont_00765,control,0,0
cont_00659,control,0,0
cont_00366,control,1,0
cont_01453,control,1,0
trea_00806,treatment,1,0
trea_00720,treatment,1,0
cont_01291,control,0,0
cont_01429,control,0,0
cont_00794,control,0,0
trea_01247,treatment,0,0
trea_00160,treatment,0,0
cont_00132,control,0,0
cont_01259,control,0,0
cont_00963,control,0,0
trea_00535,treatment,0,0
trea_00700,treatment,0,0
trea_00092,treatment,0,0
trea_00457,treatment,0,1
cont_01040,control,1,0
trea_00903,treatment,0,0
trea_00491,treatment,1,0
trea_00726,treatment,0,0
trea_00829,treatment,0,0
cont_00671,control,0,0
cont_00304,control,0,1
trea_00401,treatment,1,0
cont_01096,control,1,0
cont_01380,control,0,0
trea_01450,treatment,1,0
cont_01371,control,0,0
trea_01426,treatment,0,0
trea_01177,treatment,1,0
cont_00879,control,0,0
cont_01459,control,0,1
trea_00124,treatment,0,0
trea_00403,treatment,1,0
cont_00774,control,0,0
trea_00300,treatment,0,0
trea_01436,treatment,1,0
trea_01303,treatment,1,0
cont_00267,control,0,0
trea_01412,treatment,0,0
cont_00242,control,0,0
trea_01564,treatment,1,0
cont_00888,control,0,0
cont_01276,control,0,0
cont_01079,control,0,0
cont_00350,control,0,0
cont_00762,control,0,0
cont_00757,control,0,0
cont_00491,control,1,0
trea_00569,treatment,1,0
trea_00389,treatment,0,0
trea_01527,treatment,0,0
cont_00693,control,0,0
trea_00033,treatment,0,0
cont_00776,control,0,0
cont_01482,control,0,0
trea_01381,treatment,0,1
trea_00118,treatment,0,0
trea_00874,treatment,0,0
cont_00360,control,0,0
cont_00044,control,0,0
trea_00036,treatment,0,0
trea_00845,treatment,0,0
trea_00115,treatment,0,0
cont_01135,control,1,0
trea_00317,treatment,1,0
cont_01327,control,0,0
cont_00536,control,0,0
trea_01415,treatment,1,0
cont_00356,control,0,0
cont_00581,control,0,0
cont_00405,control,0,0
trea_01473,treatment,0,0
cont_00060,control,0,0
cont_01543,control,1,0
cont_00737,control,0,0
cont_01199,control,0,0
trea_00932,treatment,1,0
cont_01532,control,0,0
trea_00907,treatment,1,0
cont_00595,control,0,1
trea_00814,treatment,0,0
trea_00213,treatment,0,0
trea_00170,treatment,0,0
cont_00061,control,0,0
trea_00957,treatment,0,0
trea_00526,treatment,0,0
cont_00020,control,0,0
trea_01064,treatment,1,0
cont_00013,control,0,0
cont_00377,control,0,0
trea_01220,treatment,0,0
trea_00696,treatment,0,0
trea_00664,treatment,0,0
trea_01281,treatment,1,0
trea_01251,treatment,0,0
cont_00489,control,0,0
cont_00436,control,0,0
cont_01457,control,1,0
trea_01340,treatment,1,0
cont_00471,control,0,0
cont_00456,control,0,0
trea_01070,treatment,0,0
cont_00007,control,0,0
cont_00449,control,1,0
cont_01015,control,0,0
trea_01144,treatment,0,0
cont_00930,control,1,0
cont_00214,control,0,0
trea_00871,treatment,0,0
trea_00936,treatment,0,0
trea_00637,treatment,1,0
cont_00613,control,0,0
cont_01261,control,0,0
cont_00687,control,0,0
trea_01011,treatment,0,0
cont_01184,control,0,0
cont_00678,control,0,0
cont_01495,control,0,0
trea_00495,treatment,1,0
trea_00299,treatment,0,0
trea_00698,treatment,1,0
trea_00301,treatment,0,0
trea_00112,treatment,0,0
cont_00140,control,0,0
cont_00412,control,1,0
cont_01311,control,0,1
cont_00410,control,0,0
trea_01335,treatment,0,0
cont_00704,control,0,0
trea_00755,treatment,1,0
trea_01385,treatment,0,0
cont_01468,control,0,0
trea_00971,treatment,0,0
cont_00486,control,1,0
trea_01272,treatment,0,1
cont_00296,control,1,0
trea_00532,treatment,0,1
trea_00882,treatment,1,0
trea_00657,treatment,0,0
cont_01060,control,1,0
trea_01013,treatment,0,0
cont_00755,control,1,0
trea_00559,treatment,1,0
cont_00702,control,1,0
trea_01486,treatment,0,1
trea_01431,treatment,0,0
trea_00638,treatment,1,0
cont_00301,control,0,0
cont_00298,control,0,0
cont_01108,control,0,1
cont_01195,control,1,0
cont_00637,control,0,0
trea_00055,treatment,0,0
trea_00191,treatment,0,0
trea_01236,treatment,0,0
trea_01170,treatment,0,0
cont_01197,control,1,0
cont_00638,control,0,0
cont_01480,control,0,0
trea_00158,treatment,1,0
cont_00090,control,0,0
cont_00281,control,0,0
cont_00497,control,0,0
trea_00520,treatment,1,0
trea_01506,treatment,0,0
trea_00163,treatment,0,0
trea_00373,treatment,0,0
cont_00862,control,0,0
cont_00727,control,0,0
cont_00524,control,0,0
cont_01042,control,0,0
trea_01245,treatment,0,0
cont_00258,control,1,0
trea_01275,treatment,0,0
trea_00026,treatment,0,0
cont_01214,control,0,0
trea_00377,treatment,1,0
trea_01121,treatment,0,0
cont_00025,control,0,0
cont_00210,control,0,0
cont_00221,control,1,0
trea_00309,treatment,0,0
cont_01203,control,0,0
trea_00108,treatment,1,0
cont_01544,control,1,0
trea_00091,treatment,0,0
cont_00053,control,0,0
trea_00626,treatment,1,0
trea_00085,treatment,0,0
trea_00959,treatment,0,0
trea_01049,treatment,1,0
cont_01494,control,0,0
trea_00833,treatment,0,0
trea_01166,treatment,0,0
trea_00663,treatment,0,1
trea_01229,treatment,0,0
trea_00623,treatment,1,0
trea_00499,treatment,0,0
trea_00341,treatment,0,0
trea_00841,treatment,1,0
trea_00109,treatment,0,0
trea_00711,treatment,1,0
trea_00600,treatment,0,0
cont_01264,control,0,0
cont_00196,control,1,0
trea_00704,treatment,0,0
trea_00719,treatment,0,0
trea_01484,treatment,1,0
cont_01555,control,0,0
trea_00311,treatment,0,0
trea_00515,treatment,0,0
trea_01508,treatment,0,0
trea_00699,treatment,0,0
trea_00206,treatment,1,0
cont_01511,control,1,0
trea_01497,treatment,1,0
trea_00566,treatment,0,0
cont_00617,control,0,0
trea_01094,treatment,0,0
cont_00905,control,0,0
cont_00126,control,0,0
cont_00261,control,0,0
trea_00013,treatment,1,0
trea_00673,treatment,0,0
cont_00641,control,0,0
trea_00706,treatment,0,0
cont_00068,control,1,0
trea_00550,treatment,0,0
cont_00175,control,0,0
trea_00068,treatment,0,0
cont_01185,control,0,1
cont_00914,control,0,0
cont_01515,control,0,1
trea_00510,treatment,0,0
cont_00898,control,0,0
cont_01268,control,0,0
trea_01288,treatment,0,0
cont_00149,control,0,0
trea_00459,treatment,1,0
cont_01064,control,0,0
cont_00683,control,0,0
cont_00111,control,0,0
cont_00697,control,0,0
trea_01520,treatment,1,0
trea_01110,treatment,1,0
cont_00220,control,0,0
trea_01489,treatment,1,0
trea_00733,treatment,0,0
trea_00602,treatment,1,0
cont_01516,control,0,0
cont_01213,control,0,0
trea_00798,treatment,0,0
trea_00610,treatment,0,0
cont_00982,control,0,0
trea_00869,treatment,0,0
cont_00198,control,0,0
trea_01501,treatment,1,0
trea_00935,treatment,1,0
cont_00128,control,0,0
cont_00636,control,0,0
cont_00674,control,0,0
trea_01078,treatment,0,0
cont_00403,control,0,0
cont_00511,control,0,0
cont_00152,control,0,0
trea_00171,treatment,0,0
cont_01412,control,0,0
trea_01156,treatment,0,0
cont_01510,control,0,0
cont_00051,control,0,1
trea_00707,treatment,1,0
trea_00943,treatment,0,0
cont_00685,control,0,0
trea_01378,treatment,0,0
cont_00802,control,0,0
cont_00010,control,0,1
cont_00647,control,0,0
trea_00350,treatment,0,0
trea_01117,treatment,0,0
cont_00860,control,0,0
cont_00569,control,0,0
cont_00096,control,0,0
cont_00459,control,0,0
trea_01256,treatment,1,0
trea_00712,treatment,0,1
trea_00514,treatment,0,0
cont_00740,control,1,0
trea_00489,treatment,0,0
cont_00955,control,0,0
cont_01061,control,0,0
trea_00284,treatment,0,0
cont_00249,control,0,0
trea_01210,treatment,0,1
trea_01538,treatment,0,0
cont_00885,control,0,1
cont_00661,control,0,0
trea_00800,treatment,0,0
cont_01331,control,0,0
cont_01378,control,0,0
trea_01561,treatment,0,0
cont_00874,control,0,0
trea_00103,treatment,0,0
cont_00929,control,1,0
cont_01147,control,1,0
cont_01394,control,0,0
cont_00517,control,0,0
trea_00596,treatment,0,0
cont_01091,control,0,0
trea_00988,treatment,0,0
cont_01419,control,0,0
trea_01350,treatment,0,0
trea_00958,treatment,0,0
trea_00398,treatment,0,0
cont_00561,control,1,0
trea_01254,treatment,0,0
trea_01445,treatment,0,1
trea_01468,treatment,0,0
trea_00303,treatment,0,1
cont_00531,control,0,0
trea_00441,treatment,0,0
trea_00017,treatment,0,0
trea_01291,treatment,0,0
cont_00262,control,0,0
trea_00693,treatment,1,0
cont_00133,control,1,0
cont_00359,control,0,0
cont_01157,control,0,0
cont_01234,control,0,0
trea_01380,treatment,0,0
trea_00552,treatment,0,0
trea_00370,treatment,1,0
trea_01109,treatment,0,0
cont_01351,control,0,0
cont_00396,control,0,0
cont_01130,control,1,0
trea_00577,treatment,0,0
trea_00087,treatment,0,0
trea_00181,treatment,0,0
trea_00492,treatment,0,0
trea_01045,treatment,0,0
trea_00855,treatment,0,0
cont_00811,control,0,0
cont_01307,control,0,0
trea_01188,treatment,0,0
cont_00014,control,1,0
cont_00428,control,0,0
trea_01425,treatment,0,0
cont_01447,control,0,0
trea_01100,treatment,0,0
trea_01050,treatment,0,0
cont_00574,control,0,0
cont_00075,control,0,0
cont_00743,control,0,0
cont_01011,control,0,1
cont_00479,control,0,0
trea_01402,treatment,0,0
trea_00831,treatment,0,1
trea_01528,treatment,0,0
cont_01280,control,1,0
cont_01256,control,0,0
trea_00785,treatment,0,0
cont_00392,control,1,0
cont_00732,control,1,0
cont_01452,control,1,0
trea_00618,treatment,0,0
trea_01192,treatment,0,0
cont_01553,control,0,0
trea_00558,treatment,0,0
cont_01521,control,0,0
trea_01143,treatment,0,0
trea_00099,treatment,0,0
cont_00910,control,0,0
cont_00395,control,0,0
trea_01298,treatment,1,0
cont_00947,control,0,0
cont_00255,control,0,0
cont_00017,control,0,0
cont_01427,control,0,0
trea_00006,treatment,1,0
cont_00362,control,0,0
cont_00792,control,0,0
trea_01466,treatment,1,0
cont_01231,control,0,0
trea_01223,treatment,0,0
cont_00722,control,0,0
cont_00252,control,1,0
trea_01329,treatment,0,0
cont_00911,control,0,0
cont_01375,control,1,0
cont_00063,control,1,0
trea_01072,treatment,0,0
cont_00158,control,0,0
cont_01333,control,0,0
cont_01329,control,1,0
trea_00046,treatment,1,0
trea_01555,treatment,1,0
cont_01102,control,0,1
cont_00804,control,1,0
cont_01561,control,0,0
trea_01491,treatment,0,0
cont_01440,control,0,0
cont_01426,control,1,0
cont_01138,control,0,1
trea_01014,treatment,0,0
cont_00355,control,0,0
cont_01377,control,0,0
cont_00019,control,0,0
cont_00008,control,0,0
trea_00472,treatment,0,0
trea_00541,treatment,0,0
trea_00381,treatment,0,0
trea_00856,treatment,0,0
cont_00273,control,0,0
cont_01416,control,1,0
trea_00538,treatment,1,0
trea_01423,treatment,0,0
cont_01227,control,1,0
trea_00923,treatment,0,0
trea_00128,treatment,0,0
cont_00699,control,0,1
cont_00658,control,0,0
cont_01356,control,0,0
trea_01178,treatment,0,0
trea_00156,treatment,1,0
cont_00927,control,0,0
cont_01449,control,0,0
trea_01433,treatment,0,0
cont_00535,control,0,1
cont_01300,control,1,0
trea_00578,treatment,0,0
cont_01396,control,1,0
trea_00750,treatment,0,0
trea_01040,treatment,0,0
trea_00215,treatment,0,0
cont_01250,control,0,0
trea_00488,treatment,0,0
cont_00884,control,1,0
cont_00572,control,0,0
cont_01139,control,1,0
cont_01484,control,0,0
cont_00286,control,0,0
trea_01074,treatment,1,0
cont_01430,control,0,0
trea_00336,treatment,0,0
trea_00249,treatment,0,0
cont_00615,control,0,0
cont_00143,control,0,0
cont_01153,control,0,0
trea_01240,treatment,0,0
cont_01513,control,0,0
cont_00330,control,0,0
trea_00333,treatment,0,0
cont_00576,control,0,0
trea_00849,treatment,0,0
cont_01198,control,1,0
trea_00429,treatment,0,0
cont_01294,control,1,0
cont_00719,control,0,0
cont_00778,control,0,0
cont_01392,control,0,0
trea_00153,treatment,0,0
cont_00513,control,0,0
cont_01224,control,0,0
cont_00559,control,0,0
cont_00987,control,0,1
cont_00123,control,0,0
cont_00001,control,0,0
cont_00342,control,0,0
cont_01337,control,0,0
cont_00592,control,0,0
trea_01226,treatment,0,0
trea_00132,treatment,0,0
trea_00209,treatment,0,0
trea_01114,treatment,0,0
cont_00002,control,0,0
trea_00670,treatment,0,0
trea_01307,treatment,0,0
trea_00192,treatment,1,0
trea_00454,treatment,1,0
cont_01100,control,0,0
trea_00287,treatment,0,1
trea_00035,treatment,0,0
trea_00255,treatment,0,0
cont_01106,control,0,0
trea_01270,treatment,1,0
trea_00586,treatment,0,0
trea_01400,treatment,0,0
trea_01514,treatment,0,0
cont_01024,control,0,0
cont_01302,control,0,0
trea_00987,treatment,0,0
trea_00605,treatment,0,0
trea_01478,treatment,0,0
trea_00325,treatment,0,0
trea_01098,treatment,0,0
cont_00623,control,1,0
cont_00257,control,1,0
trea_00042,treatment,1,0
cont_01334,control,0,0
cont_01136,control,0,0
trea_00876,treatment,1,0
cont_00504,control,0,0
cont_00207,control,0,0
trea_01359,treatment,0,0
trea_00671,treatment,0,0
cont_01134,control,0,0
trea_00815,treatment,0,0
trea_00291,treatment,0,0
trea_00853,treatment,0,0
cont_01297,control,0,0
trea_00560,treatment,0,0
cont_00059,control,0,0
cont_00991,control,0,0
trea_01429,treatment,0,0
trea_01242,treatment,0,0
cont_01132,control,0,0
cont_00951,control,0,0
cont_00651,control,0,0
cont_00124,control,0,0
trea_01475,treatment,1,0
cont_00235,control,0,0
trea_00486,treatment,0,1
trea_00666,treatment,0,0
trea_00222,treatment,1,0
trea_01162,treatment,0,0
trea_01286,treatment,0,0
cont_00484,control,0,0
cont_01200,control,0,0
trea_00836,treatment,1,0
cont_01540,control,0,0
cont_00490,control,1,0
cont_00414,control,0,0
trea_00881,treatment,0,0
trea_00413,treatment,1,0
trea_00129,treatment,0,0
cont_00769,control,0,0
trea_00647,treatment,1,0
trea_00652,treatment,0,0
cont_00845,control,0,0
trea_00396,treatment,0,0
trea_00897,treatment,0,0
cont_00202,control,0,0
cont_00798,control,0,0
cont_00610,control,0,0
trea_01214,treatment,0,1
trea_00911,treatment,0,0
cont_00055,control,0,0
cont_00371,control,0,0
trea_00346,treatment,1,0
cont_01258,control,0,0
cont_00120,control,0,0
cont_00346,control,1,0
trea_00660,treatment,1,0
trea_00901,treatment,0,0
cont_00628,control,0,0
cont_00315,control,0,0
cont_00183,control,0,0
trea_00007,treatment,0,0
trea_00795,treatment,0,0
trea_00823,treatment,0,0
cont_00294,control,0,0
cont_00584,control,0,0
cont_00344,control,0,0
trea_00307,treatment,0,0
trea_01041,treatment,1,0
cont_00234,control,0,0
trea_00973,treatment,1,0
cont_00526,control,0,1
cont_00782,control,0,0
trea_00631,treatment,0,0
cont_01081,control,1,0
trea_00194,treatment,0,0
cont_00049,control,0,0
cont_00849,control,0,0
trea_00819,treatment,0,0
cont_00895,control,0,0
trea_01032,treatment,0,0
cont_00047,control,0,0
trea_00199,treatment,0,0
cont_01006,control,0,0
cont_00092,control,0,0
cont_01206,control,0,0
cont_00822,control,0,0
trea_01104,treatment,1,0
cont_01242,control,0,0
trea_01347,treatment,0,0
trea_00086,treatment,1,0
cont_00173,control,0,0
cont_00909,control,0,0
cont_01186,control,0,0
trea_00251,treatment,0,0
trea_00152,treatment,0,0
cont_01445,control,0,0
trea_01524,treatment,0,0
trea_01504,treatment,0,0
cont_00421,control,0,0
trea_01056,treatment,0,0
cont_00563,control,0,0
trea_01483,treatment,0,0
cont_00368,control,0,0
trea_01079,treatment,0,0
trea_01175,treatment,1,0
cont_00246,control,0,0
cont_00038,control,0,0
trea_01441,treatment,0,0
trea_01516,treatment,0,0
cont_00974,control,0,0
cont_01537,control,1,0
trea_01336,treatment,1,0
trea_00633,treatment,1,0
trea_00839,treatment,0,0
cont_00108,control,0,0
cont_01551,control,0,0
cont_01181,control,0,0
cont_01109,control,0,0
cont_01267,control,0,0
trea_01457,treatment,1,0
cont_00174,control,1,0
trea_00537,treatment,0,0
cont_01318,control,0,0
cont_00253,control,1,0
cont_01321,control,0,1
cont_01149,control,1,0
cont_00632,control,0,0
trea_00323,treatment,1,0
trea_00014,treatment,0,0
trea_00064,treatment,0,0
cont_01290,control,0,0
cont_01171,control,0,0
cont_00050,control,0,0
cont_01448,control,0,1
cont_00339,control,0,0
trea_01261,treatment,0,0
cont_00181,control,0,0
cont_01322,control,0,0
cont_00568,control,0,0
trea_01033,treatment,1,0
cont_00907,control,0,0
trea_00256,treatment,0,0
cont_01373,control,0,0
cont_00093,control,0,0
cont_01107,control,0,0
cont_00694,control,0,0
cont_00809,control,0,0
trea_00653,treatment,0,0
cont_00476,control,0,0
cont_00793,control,0,1
cont_00838,control,0,0
trea_01545,treatment,0,0
cont_01360,control,0,0
trea_01419,treatment,0,0
trea_00072,treatment,0,0
cont_00182,control,1,0
cont_00666,control,0,0
cont_01490,control,0,0
trea_00208,treatment,1,0
cont_00305,control,1,0
trea_01023,treatment,0,0
cont_01366,control,1,0
cont_00921,control,0,0
cont_01559,control,0,0
cont_00943,control,1,0
trea_00455,treatment,0,0
cont_01033,control,0,0
cont_00283,control,0,0
trea_00969,treatment,0,1
trea_01101,treatment,0,0
trea_00738,treatment,0,0
trea_01444,treatment,0,0
cont_01474,control,0,0
trea_01097,treatment,0,0
cont_00973,control,1,0
cont_00772,control,0,0
trea_00034,treatment,0,1
trea_01042,treatment,0,0
trea_01435,treatment,0,1
cont_00926,control,1,0
trea_00857,treatment,1,0
cont_00634,control,0,0
cont_01173,control,0,0
cont_00985,control,0,0
cont_00855,control,1,0
trea_01342,treatment,1,0
trea_01027,treatment,0,0
trea_01113,treatment,1,0
cont_00714,control,0,0
cont_01121,control,0,0
cont_00250,control,1,0
cont_00004,control,1,0
cont_01001,control,0,0
trea_00998,treatment,0,1
trea_00111,treatment,0,0
cont_00374,control,0,0
cont_00441,control,0,0
trea_00949,treatment,0,0
trea_00254,treatment,0,0
trea_00724,treatment,0,0
trea_00265,treatment,0,0
trea_00659,treatment,0,0
cont_00099,control,0,0
cont_00863,control,1,0
trea_00701,treatment,0,0
trea_00039,treatment,0,0
cont_00291,control,0,0
cont_00292,control,0,0
trea_00054,treatment,0,0
trea_01029,treatment,0,0
cont_00995,control,0,0
cont_00602,control,1,0
cont_00621,control,0,0
trea_00756,treatment,1,0
trea_00709,treatment,1,0
cont_00760,control,0,0
trea_00431,treatment,0,0
trea_00786,treatment,1,0
cont_01070,control,1,0
cont_00082,control,0,0
trea_01149,treatment,0,0
cont_01170,control,0,0
trea_00909,treatment,1,0
cont_00247,control,0,0
cont_00225,control,0,0
cont_00836,control,0,0
trea_00179,treatment,0,0
trea_00717,treatment,0,0
cont_00243,control,0,0
trea_01405,treatment,0,0
trea_01353,treatment,0,0
trea_01328,treatment,0,1
trea_00463,treatment,1,0
trea_00367,treatment,0,0
cont_00321,control,0,0
cont_01528,control,0,0
trea_00889,treatment,0,0
cont_00969,control,0,0
cont_00932,control,0,0
trea_00751,treatment,0,0
trea_01293,treatment,0,0
cont_00241,control,0,0
cont_01083,control,1,0
trea_00201,treatment,0,0
cont_01051,control,0,0
cont_01442,control,1,0
trea_00416,treatment,0,0
cont_00264,control,0,0
cont_00937,control,0,0
cont_01456,control,1,0
cont_00992,control,0,0
trea_00627,treatment,0,0
cont_01035,control,0,0
cont_00295,control,0,0
cont_00333,control,0,0
trea_01374,treatment,1,0
cont_00853,control,0,0
trea_00739,treatment,0,0
cont_01498,control,0,0
cont_01002,control,0,0
trea_01427,treatment,0,0
trea_00340,treatment,0,0
cont_01411,control,1,0
cont_00901,control,0,0
cont_00867,control,0,0
cont_01303,control,0,0
cont_01021,control,1,0
trea_00683,treatment,1,0
trea_00954,treatment,0,0
trea_01559,treatment,0,0
trea_00529,treatment,0,1
trea_00029,treatment,0,0
trea_01259,treatment,0,1
cont_01144,control,0,0
cont_01204,control,0,0
trea_01410,treatment,1,0
cont_01077,control,0,0
cont_01386,control,0,0
cont_00756,control,0,0
cont_00159,control,1,0
cont_00913,control,0,0
cont_00439,control,0,0
trea_01179,treatment,0,0
cont_00266,control,0,0
trea_00253,treatment,0,0
cont_00870,control,0,0
cont_00127,control,0,0
cont_00188,control,0,0
trea_00913,treatment,0,0
trea_01330,treatment,0,0
trea_00130,treatment,0,0
trea_00177,treatment,0,0
cont_00600,control,0,0
cont_00401,control,0,0
trea_00294,treatment,1,0
trea_01560,treatment,0,0
cont_00788,control,0,0
cont_01342,control,1,0
trea_00603,treatment,1,0
trea_01369,treatment,0,0
cont_01546,control,0,0
cont_00573,control,1,0
trea_01392,treatment,1,0
cont_01225,control,0,0
cont_01434,control,0,0
cont_00957,control,0,0
trea_01234,treatment,0,0
cont_01388,control,0,0
trea_01095,treatment,0,0
trea_00972,treatment,1,0
trea_01200,treatment,0,0
trea_00272,treatment,0,0
cont_00510,control,0,0
trea_00788,treatment,0,0
cont_00507,control,0,0
trea_00976,treatment,1,0
cont_01063,control,0,0
cont_01527,control,0,1
trea_01257,treatment,0,0
cont_00452,control,0,0
trea_00503,treatment,0,0
trea_00165,treatment,1,0
cont_01244,control,0,1
cont_00988,control,0,0
cont_01059,control,0,0
cont_00114,control,0,0
cont_00095,control,0,0
cont_00655,control,0,0
cont_01395,control,0,0
trea_01366,treatment,0,0
trea_00813,treatment,0,0
cont_00875,control,0,0
cont_01162,control,0,0
cont_00516,control,0,0
trea_01173,treatment,0,0
trea_00590,treatment,0,0
trea_00547,treatment,0,0
trea_01060,treatment,1,0
cont_01235,control,1,0
cont_00808,control,0,0
trea_01488,treatment,0,0
cont_01414,control,0,0
trea_00245,treatment,0,0
cont_00840,control,0,0
trea_00261,treatment,0,0
trea_00088,treatment,0,0
cont_00601,control,0,0
cont_01145,control,0,0
trea_01411,treatment,0,0
cont_01409,control,1,0
cont_01284,control,0,1
cont_01246,control,0,0
trea_01308,treatment,0,0
trea_00151,treatment,1,0
cont_01211,control,0,0
cont_00236,control,1,0
cont_00618,control,0,0
trea_00691,treatment,1,0
trea_00044,treatment,0,0
trea_01390,treatment,1,0
trea_00211,treatment,0,0
cont_00673,control,0,1
trea_00079,treatment,0,0
cont_01289,control,0,0
cont_01385,control,0,0
trea_01364,treatment,0,1
trea_01536,treatment,1,0
trea_00553,treatment,0,0
cont_00040,control,0,0
cont_00596,control,0,0
trea_01129,treatment,0,0
trea_01474,treatment,0,0
trea_00599,treatment,0,0
trea_01271,treatment,0,0
trea_00313,treatment,0,0
trea_00110,treatment,0,0
trea_00127,treatment,0,1
trea_01038,treatment,0,0
cont_00565,control,0,0
cont_00934,control,0,0
trea_00161,treatment,1,0
cont_00620,control,0,0
trea_01227,treatment,0,0
trea_00737,treatment,1,0
trea_00133,treatment,0,0
cont_01525,control,1,0
cont_01089,control,0,0
cont_00349,control,0,0
cont_00701,control,0,0
trea_00502,treatment,0,0
cont_01174,control,0,0
trea_01031,treatment,0,0
trea_00374,treatment,0,0
cont_01004,control,0,0
cont_00026,control,0,0
trea_00694,treatment,0,0
trea_00232,treatment,1,0
trea_01319,treatment,0,0
cont_00503,control,0,0
cont_00564,control,0,0
cont_01370,control,0,0
trea_01510,treatment,0,0
trea_00838,treatment,1,0
cont_00406,control,0,0
trea_00475,treatment,0,0
trea_00506,treatment,0,0
trea_00912,treatment,1,0
cont_01196,control,0,0
cont_00643,control,0,0
cont_01481,control,0,0
cont_00841,control,0,0
cont_00483,control,0,0
cont_00684,control,0,0
cont_00431,control,0,0
trea_00511,treatment,0,0
cont_00171,control,0,0
cont_00417,control,0,0
cont_00433,control,0,1
cont_00454,control,0,0
trea_00306,treatment,0,0
trea_00227,treatment,0,0
cont_00206,control,1,0
cont_00426,control,0,0
trea_00545,treatment,1,0
trea_00930,treatment,0,0
cont_01095,control,0,0
cont_00191,control,0,0
trea_00775,treatment,0,0
cont_01393,control,1,0
cont_01056,control,0,0
trea_00426,treatment,1,0
cont_00917,control,1,0
trea_01187,treatment,0,0
cont_00928,control,0,0
trea_01054,treatment,0,0
trea_00197,treatment,0,0
cont_01383,control,0,0
trea_00679,treatment,0,0
cont_00130,control,0,0
trea_01189,treatment,1,0
cont_00715,control,1,0
cont_00649,control,0,0
cont_01462,control,1,0
trea_01103,treatment,1,0
cont_01469,control,0,0
cont_00074,control,0,0
cont_00192,control,0,0
trea_01258,treatment,1,0
trea_00978,treatment,1,0
cont_01243,control,1,0
trea_01552,treatment,0,0
trea_00137,treatment,0,0
cont_00413,control,0,0
trea_00449,treatment,1,0
trea_01403,treatment,0,0
cont_00817,control,0,0
cont_00709,control,0,0
cont_00528,control,0,0
trea_00411,treatment,1,0
cont_00353,control,0,0
cont_01156,control,0,0
cont_00848,control,0,0
cont_00663,control,0,0
trea_00368,treatment,0,0
cont_01475,control,0,0
trea_00141,treatment,0,0
trea_01338,treatment,1,0
cont_01201,control,0,0
trea_00894,treatment,0,0
trea_00352,treatment,0,0
trea_00956,treatment,1,0
cont_00899,control,0,0
trea_00513,treatment,1,0
cont_00950,control,0,0
trea_01525,treatment,0,0
cont_01408,control,0,0
trea_00356,treatment,0,0
cont_00787,control,0,0
trea_01019,treatment,0,0
cont_00660,control,0,0
cont_00085,control,0,0
trea_01222,treatment,0,0
trea_00270,treatment,1,0
cont_01420,control,0,0
trea_01398,treatment,0,0
trea_00947,treatment,0,0
trea_00372,treatment,0,0
trea_00142,treatment,1,0
trea_01264,treatment,1,0
trea_01331,treatment,1,0
cont_01293,control,0,0
trea_00713,treatment,0,0
cont_00077,control,0,0
trea_00597,treatment,1,0
cont_00248,control,0,0
cont_00949,control,1,0
trea_00432,treatment,0,1
trea_00784,treatment,0,0
trea_00425,treatment,0,0
trea_00071,treatment,0,1
trea_01416,treatment,0,0
trea_01219,treatment,1,0
cont_01191,control,0,0
trea_01562,treatment,0,0
trea_00136,treatment,0,1
trea_00202,treatment,1,0
cont_00420,control,0,1
trea_01127,treatment,0,0
cont_01367,control,0,0
cont_00208,control,0,0
trea_00038,treatment,0,1
cont_01207,control,1,0
cont_00824,control,0,0
cont_00993,control,0,0
trea_00275,treatment,1,0
trea_01357,treatment,0,0
trea_00365,treatment,1,0
trea_00420,treatment,0,0
trea_00257,treatment,1,0
cont_00624,control,0,0
cont_00680,control,0,0
trea_00745,treatment,1,0
cont_00089,control,1,0
trea_01221,treatment,0,0
trea_00375,treatment,0,0
trea_00905,treatment,0,0
trea_00809,treatment,0,0
trea_01124,treatment,0,0
cont_00352,control,0,0
trea_00730,treatment,0,0
trea_00640,treatment,0,1
trea_00934,treatment,0,0
cont_00990,control,0,0
cont_00594,control,0,0
trea_00404,treatment,0,0
cont_00857,control,0,0
trea_01467,treatment,0,0
cont_00770,control,0,0
cont_00065,control,0,0
trea_01190,treatment,0,0
cont_00781,control,1,0
cont_00056,control,0,0
cont_00553,control,1,0
cont_00512,control,1,0
cont_00358,control,1,0
trea_00968,treatment,0,0
trea_00746,treatment,1,0
cont_01477,control,0,0
trea_01460,treatment,1,0
trea_00427,treatment,0,0
trea_00093,treatment,0,0
trea_00318,treatment,0,0
trea_00388,treatment,0,0
cont_00703,control,0,0
cont_00054,control,1,0
cont_00477,control,0,0
trea_01518,treatment,0,0
trea_00866,treatment,0,0
cont_00073,control,0,0
trea_00622,treatment,0,0
trea_01260,treatment,1,0
cont_00435,control,0,0
cont_01062,control,0,0
cont_00320,control,0,0
cont_00758,control,0,0
cont_00864,control,0,0
cont_00766,control,0,0
cont_01398,control,0,0
cont_01085,control,0,0
trea_00276,treatment,0,0
trea_00297,treatment,0,0
trea_01238,treatment,1,0
cont_01219,control,0,0
trea_00138,treatment,0,0
cont_00341,control,0,0
cont_00185,control,0,0
trea_01530,treatment,0,0
cont_00746,control,1,0
cont_00735,control,0,0
trea_00329,treatment,0,0
cont_00466,control,0,0
cont_00066,control,0,0
trea_00496,treatment,0,0
cont_00334,control,0,0
cont_01043,control,0,0
cont_01455,control,1,0
cont_01037,control,0,0
trea_00789,treatment,0,0
trea_00337,treatment,0,0
cont_00387,control,0,0
trea_01108,treatment,0,0
trea_00174,treatment,0,0
trea_00525,treatment,0,0
cont_00440,control,0,1
trea_00962,treatment,0,0
trea_01387,treatment,0,0
trea_01472,treatment,0,0
trea_00690,treatment,0,0
cont_00195,control,0,0
trea_00762,treatment,0,0
cont_01210,control,1,0
trea_00185,treatment,0,0
trea_00576,treatment,0,0
cont_01018,control,0,0
trea_00797,treatment,0,0
trea_00944,treatment,1,0
trea_00925,treatment,0,0
cont_01230,control,0,0
trea_00390,treatment,1,0
cont_00324,control,0,1
trea_00225,treatment,0,0
trea_00955,treatment,0,0
trea_01539,treatment,0,0
trea_01203,treatment,0,0
trea_00583,treatment,0,0
trea_00593,treatment,0,0
trea_00462,treatment,0,0
cont_00635,control,0,0
cont_00918,control,0,0
trea_00332,treatment,0,1
cont_01399,control,0,0
trea_00536,treatment,0,0
cont_00165,control,0,1
cont_00380,control,0,0
trea_00178,treatment,1,0
trea_00212,treatment,0,0
cont_00763,control,0,0
cont_01508,control,0,0
trea_01106,treatment,0,0
trea_01123,treatment,0,0
trea_01171,treatment,0,0
trea_00740,treatment,0,0
cont_01099,control,0,0
trea_00385,treatment,1,0
trea_00023,treatment,0,0
trea_00258,treatment,0,0
trea_00439,treatment,0,0
cont_00818,control,0,0
trea_00533,treatment,1,0
trea_01058,treatment,0,0
cont_00393,control,0,0
cont_01470,control,0,0
cont_00537,control,0,0
cont_01270,control,1,0
trea_00204,treatment,0,1
trea_00444,treatment,0,0
cont_01222,control,0,0
cont_00493,control,0,0
cont_00631,control,0,0
cont_01167,control,0,0
trea_00082,treatment,1,0
trea_01352,treatment,0,0
cont_00667,control,0,0
cont_00852,control,0,0
trea_01052,treatment,0,0
cont_00365,control,0,0
trea_00850,treatment,0,1
cont_00983,control,1,0
cont_00729,control,0,0
cont_01045,control,0,0
trea_00067,treatment,0,0
cont_00379,control,0,0
cont_01562,control,0,0
trea_00675,treatment,0,0
cont_00289,control,0,0
cont_00227,control,0,0
cont_01323,control,0,0
trea_00939,treatment,0,0
cont_00199,control,0,0
cont_00865,control,0,0
cont_00529,control,1,0
trea_00765,treatment,0,0
cont_01330,control,1,0
trea_00289,treatment,0,0
cont_00179,control,0,0
cont_01349,control,0,0
cont_00023,control,0,0
cont_01103,control,0,0
trea_00293,treatment,1,0
trea_00399,treatment,0,0
trea_00319,treatment,0,0
cont_00332,control,0,0
cont_00118,control,0,0
cont_00629,control,1,0
cont_01325,control,0,0
cont_00434,control,0,0
trea_01388,treatment,1,0
cont_01530,control,0,0
trea_00048,treatment,0,0
trea_01132,treatment,1,0
cont_01164,control,0,0
cont_00106,control,0,0
cont_01346,control,1,0
cont_00386,control,0,0
trea_01469,treatment,0,0
cont_01008,control,1,0
trea_01292,treatment,0,0
trea_00139,treatment,0,0
trea_00899,treatment,0,0
trea_00771,treatment,1,0
trea_00588,treatment,0,1
cont_00016,control,0,0
trea_00824,treatment,0,0
trea_00989,treatment,0,0
trea_00832,treatment,0,0
trea_00741,treatment,0,0
trea_01463,treatment,1,0
trea_00517,treatment,1,0
cont_00689,control,0,0
trea_01274,treatment,0,0
cont_01163,control,0,0
cont_00834,control,0,0
cont_00383,control,0,0
cont_01431,control,1,0
cont_00506,control,0,1
cont_00606,control,0,0
cont_00460,control,0,0
trea_00453,treatment,0,0
trea_00308,treatment,0,0
trea_00421,treatment,0,0
trea_00731,treatment,0,0
cont_01460,control,0,0
trea_00242,treatment,1,0
cont_00167,control,0,0
trea_00461,treatment,1,0
cont_00475,control,0,0
trea_00221,treatment,0,0
trea_00347,treatment,0,0
cont_00669,control,1,0
trea_01317,treatment,0,0
trea_00360,treatment,0,1
cont_00146,control,0,0
cont_00750,control,0,0
cont_00941,control,1,0
trea_01266,treatment,0,0
cont_00608,control,1,0
trea_01537,treatment,1,0
cont_00217,control,1,0
trea_00236,treatment,0,0
trea_00710,treatment,1,0
cont_00619,control,0,0
trea_00446,treatment,0,0
cont_01292,control,0,0
cont_00675,control,0,0
trea_00218,treatment,0,0
cont_01282,control,0,0
trea_00551,treatment,0,0
cont_01080,control,1,0
trea_01399,treatment,0,0
cont_01158,control,0,0
trea_00195,treatment,0,0
cont_01476,control,1,0
cont_01150,control,0,0
trea_01268,treatment,0,0
cont_00523,control,1,0
cont_00180,control,0,0
trea_01176,treatment,1,0
cont_00478,control,0,0
trea_01395,treatment,0,0
cont_00580,control,1,0
trea_01287,treatment,1,0
trea_00606,treatment,0,0
trea_01116,treatment,0,0
cont_00367,control,0,0
cont_00540,control,0,0
trea_00351,treatment,0,0
cont_01389,control,1,0
trea_00452,treatment,0,0
trea_00497,treatment,1,0
trea_01358,treatment,0,0
cont_01066,control,1,0
trea_01532,treatment,0,0
trea_01276,treatment,0,0
cont_00168,control,0,0
trea_00725,treatment,1,0
cont_00541,control,1,0
cont_01519,control,0,0
trea_00050,treatment,0,0
cont_01239,control,0,0
cont_01560,control,0,0
trea_00500,treatment,0,0
cont_01038,control,0,0
cont_00021,control,1,0
cont_00186,control,0,0
trea_00884,treatment,0,0
trea_00917,treatment,0,1
cont_01451,control,0,0
trea_00362,treatment,0,0
trea_01368,treatment,1,0
cont_01363,control,0,0
trea_01093,treatment,0,0
cont_00240,control,0,0
trea_00715,treatment,1,0
cont_00390,control,1,0
cont_00299,control,1,0
cont_01049,control,0,0
trea_00880,treatment,0,0
trea_00167,treatment,1,0
trea_00004,treatment,0,0
cont_00869,control,0,0
trea_00062,treatment,0,0
cont_01324,control,0,0
cont_00545,control,0,0
trea_00354,treatment,0,0
cont_00042,control,0,0
cont_00351,control,0,0
trea_00310,treatment,0,0
trea_00821,treatment,1,0
cont_01514,control,0,0
cont_01017,control,0,0
trea_00281,treatment,0,0
trea_00964,treatment,0,0
trea_01122,treatment,0,0
trea_01043,treatment,0,0
cont_01188,control,0,0
cont_00117,control,1,0
cont_00597,control,0,0
trea_00107,treatment,0,0
cont_00738,control,0,0
trea_00147,treatment,0,0
cont_00775,control,1,0
cont_01159,control,0,0
cont_00882,control,1,0
trea_00891,treatment,0,0
cont_00846,control,0,0
trea_00200,treatment,0,0
cont_00533,control,1,0
cont_01564,control,0,0
trea_01025,treatment,0,0
cont_01179,control,0,0
cont_01090,control,0,0
cont_00780,control,0,0
cont_00832,control,0,0
trea_01053,treatment,1,0
cont_00485,control,0,0
trea_00458,treatment,1,0
trea_00292,treatment,0,0
trea_00216,treatment,0,0
trea_00587,treatment,0,0
cont_00057,control,0,0
cont_00480,control,0,0
trea_00757,treatment,0,0
cont_00696,control,0,0
cont_01507,control,0,0
trea_01332,treatment,0,0
cont_00611,control,1,0
cont_01065,control,0,0
trea_01547,treatment,1,0
trea_00190,treatment,0,0
trea_00965,treatment,0,0
trea_00076,treatment,0,0
cont_00203,control,0,0
trea_01512,treatment,0,0
cont_01072,control,0,0
cont_00812,control,0,0
trea_01253,treatment,0,0
cont_00364,control,1,0
cont_00936,control,1,0
trea_01000,treatment,0,0
trea_00940,treatment,1,0
trea_00721,treatment,0,0
cont_00094,control,0,0
cont_00084,control,0,0
cont_00919,control,0,0
trea_01339,treatment,0,0
cont_01545,control,0,0
trea_00045,treatment,0,0
cont_00745,control,0,0
trea_01533,treatment,0,1
trea_01282,treatment,1,0
cont_00345,control,0,0
cont_00813,control,0,0
cont_01154,control,0,0
cont_01341,control,0,0
trea_00863,treatment,0,0
cont_00710,control,0,0
cont_01067,control,1,0
cont_00546,control,0,0
trea_00393,treatment,0,0
trea_00283,treatment,0,0
cont_01308,control,1,0
trea_01246,treatment,0,0
trea_00867,treatment,0,0
cont_00532,control,0,0
trea_00549,treatment,0,0
cont_01022,control,0,0
cont_00646,control,0,0
cont_00453,control,0,0
trea_01554,treatment,1,0
trea_00792,treatment,1,0
trea_01202,treatment,0,0
cont_01251,control,0,0
trea_01476,treatment,1,0
trea_01283,treatment,0,0
trea_00075,treatment,1,0
cont_00012,control,1,0
cont_00557,control,1,0
trea_01059,treatment,0,0
trea_00250,treatment,0,0
trea_01015,treatment,0,0
cont_00752,control,0,0
trea_01092,treatment,0,0
trea_01061,treatment,0,0
cont_00213,control,1,0
cont_00112,control,0,0
trea_01277,treatment,1,0
cont_01338,control,0,0
trea_00677,treatment,0,0
trea_00900,treatment,0,0
trea_00157,treatment,0,0
cont_01441,control,0,0
cont_00271,control,0,0
trea_00507,treatment,0,0
cont_01068,control,0,0
trea_01119,treatment,0,1
cont_00411,control,0,0
trea_01351,treatment,1,0
cont_01362,control,0,0
trea_00125,treatment,0,0
trea_00363,treatment,0,0
trea_01422,treatment,0,0
cont_00328,control,0,0
cont_01122,control,0,0
cont_00138,control,0,0
trea_00098,treatment,0,1
trea_01208,treatment,0,0
cont_01299,control,0,0
trea_01020,treatment,0,0
trea_00231,treatment,0,0
cont_00656,control,0,0
cont_00861,control,0,0
cont_01218,control,1,0
cont_00964,control,0,0
trea_01180,treatment,0,0
cont_01232,control,0,0
cont_01046,control,0,0
trea_00043,treatment,0,0
cont_00032,control,0,0
trea_00025,treatment,0,0
trea_01432,treatment,0,0
cont_00968,control,0,0
trea_00624,treatment,0,0
cont_00499,control,1,0
trea_01148,treatment,0,0
trea_01051,treatment,0,0
cont_01266,control,0,0
trea_00009,treatment,0,0
trea_00697,treatment,0,0
cont_01036,control,0,0
cont_00981,control,0,0
cont_00223,control,0,0
cont_00142,control,0,0
trea_00915,treatment,0,0
trea_01077,treatment,0,0
cont_00086,control,0,0
cont_01262,control,0,0
cont_01506,control,1,0
trea_01296,treatment,0,0
cont_01486,control,0,0
cont_00593,control,1,0
trea_01212,treatment,1,0
cont_01009,control,0,1
trea_00379,treatment,0,0
trea_00169,treatment,1,0
trea_00669,treatment,0,0
trea_01341,treatment,0,0
cont_00462,control,1,0
cont_01534,control,1,0
trea_00619,treatment,0,0
trea_01447,treatment,0,0
cont_00229,control,0,0
trea_00848,treatment,1,0
cont_01041,control,0,0
trea_00106,treatment,1,0
trea_00234,treatment,0,0
cont_01124,control,0,0
trea_01314,treatment,0,1
cont_00717,control,0,1
cont_00437,control,0,0
cont_00590,control,1,0
cont_00892,control,0,0
trea_00166,treatment,1,0
trea_01191,treatment,0,0
trea_00031,treatment,1,0
trea_00827,treatment,0,0
cont_01348,control,0,1
trea_01345,treatment,0,0
trea_01481,treatment,0,0
trea_00890,treatment,0,0
cont_00975,control,0,0
trea_01194,treatment,1,0
trea_00467,treatment,1,0
cont_01031,control,0,0
trea_00585,treatment,1,0
trea_00811,treatment,1,0
trea_01154,treatment,1,0
trea_00571,treatment,1,0
cont_00494,control,0,0
trea_00483,treatment,0,0
trea_00772,treatment,0,0
cont_00458,control,0,0
cont_00966,control,0,0
cont_00575,control,1,0
trea_00059,treatment,1,0
cont_00369,control,0,0
trea_01126,treatment,0,0
trea_01185,treatment,0,0
trea_01321,treatment,0,0
trea_00101,treatment,0,0
cont_00260,control,0,0
cont_01220,control,0,0
trea_00898,treatment,1,0
cont_01285,control,0,0
cont_00343,control,0,0
cont_00226,control,0,0
cont_00081,control,1,0
trea_00424,treatment,0,0
cont_00172,control,0,0
trea_01073,treatment,0,0
cont_00720,control,0,0
trea_00689,treatment,0,0
trea_01523,treatment,0,0
cont_01137,control,0,0
cont_01058,control,0,0
cont_00119,control,1,0
cont_00558,control,0,0
cont_01117,control,0,0
cont_00652,control,1,0
trea_01451,treatment,0,0
cont_00151,control,0,1
trea_01083,treatment,0,0
trea_00162,treatment,0,0
trea_00220,treatment,1,0
trea_00727,treatment,0,0
trea_00422,treatment,0,0
trea_00335,treatment,0,0
cont_01271,control,0,0
cont_01005,control,0,0
cont_00113,control,0,0
cont_00786,control,1,0
cont_00614,control,0,0
cont_00465,control,0,0
cont_00976,control,1,0
trea_00096,treatment,0,0
cont_00967,control,0,0
trea_00896,treatment,0,0
cont_01050,control,0,0
cont_00657,control,0,0
trea_01080,treatment,0,0
cont_01175,control,0,0
cont_01093,control,0,0
trea_00123,treatment,0,0
cont_00833,control,1,0
trea_01030,treatment,0,1
cont_00263,control,1,0
cont_01305,control,0,0
trea_00114,treatment,0,0
trea_00217,treatment,0,0
cont_01229,control,0,0
trea_01409,treatment,0,0
cont_00616,control,0,0
cont_00984,control,1,0
cont_00605,control,0,0
trea_00328,treatment,0,0
cont_01492,control,0,0
cont_00821,control,0,0
trea_00573,treatment,0,0
cont_00245,control,0,0
trea_01001,treatment,0,0
trea_00752,treatment,0,0
trea_00210,treatment,0,0
trea_00950,treatment,0,0
trea_00616,treatment,1,0
trea_01046,treatment,1,0
cont_01097,control,0,1
trea_00348,treatment,0,0
trea_01140,treatment,0,0
cont_00872,control,0,0
trea_01500,treatment,0,0
trea_00796,treatment,0,0
cont_00764,control,0,0
trea_00548,treatment,0,0
trea_01005,treatment,0,0
cont_00076,control,0,0
cont_00739,control,0,1
trea_00676,treatment,0,0
trea_01184,treatment,0,0
trea_00290,treatment,0,0
trea_00544,treatment,0,0
trea_00993,treatment,0,0
cont_01029,control,0,0
trea_00081,treatment,0,0
trea_00131,treatment,0,0
cont_00819,control,1,0
cont_01283,control,0,0
trea_00645,treatment,0,0
trea_01151,treatment,1,0
trea_00207,treatment,1,0
cont_01228,control,0,0
trea_01446,treatment,0,0
cont_01236,control,0,0
trea_01102,treatment,0,0
cont_00314,control,0,0
cont_01422,control,0,0
cont_00859,control,0,0
trea_00183,treatment,1,0
trea_00380,treatment,0,0
trea_00609,treatment,1,0
trea_00754,treatment,0,0
cont_00275,control,1,0
cont_01119,control,0,0
cont_01379,control,0,0
trea_00858,treatment,0,0
cont_00388,control,0,0
trea_00802,treatment,1,0
cont_00376,control,0,0
trea_00992,treatment,0,0
trea_01542,treatment,1,0
trea_00080,treatment,0,0
trea_00783,treatment,0,0
cont_01217,control,1,0
cont_00194,control,0,0
cont_01086,control,1,0
cont_01177,control,0,0
cont_00876,control,1,0
trea_00628,treatment,0,0
cont_00308,control,0,0
trea_01036,treatment,0,0
trea_00469,treatment,0,0
cont_00826,control,0,0
trea_00219,treatment,1,0
cont_01488,control,0,0
cont_01226,control,0,0
trea_00952,treatment,1,0
cont_00682,control,0,0
cont_01390,control,0,0
trea_01167,treatment,0,0
trea_00493,treatment,0,0
trea_00468,treatment,0,0
cont_01376,control,0,0
cont_00843,control,0,0
trea_01199,treatment,0,0
trea_01263,treatment,0,0
cont_00409,control,0,0
trea_00434,treatment,0,0
cont_00400,control,0,0
trea_00779,treatment,1,0
cont_01320,control,0,0
trea_00032,treatment,1,0
trea_00770,treatment,0,0
trea_01396,treatment,1,0
cont_01296,control,1,0
cont_00091,control,0,0
trea_00842,treatment,1,0
trea_00357,treatment,1,0
trea_01284,treatment,1,0
cont_00083,control,0,0
cont_01092,control,0,0
trea_00159,treatment,0,0
trea_00542,treatment,1,0
trea_00760,treatment,1,0
trea_00164,treatment,0,0
trea_01128,treatment,0,0
trea_00321,treatment,0,0
cont_00153,control,0,0
cont_01335,control,0,0
trea_00639,treatment,0,0
cont_00080,control,0,0
cont_00695,control,0,0
cont_01382,control,0,0
cont_00468,control,0,0
cont_01248,control,0,0
cont_00268,control,1,0
trea_01252,treatment,0,0
cont_00347,control,1,0
trea_00861,treatment,0,0
cont_01278,control,0,0
trea_01088,treatment,1,0
cont_00961,control,0,0
cont_01014,control,1,0
cont_01000,control,0,0
trea_01142,treatment,0,0
cont_00231,control,0,0
cont_01438,control,1,0
trea_00121,treatment,0,0
cont_01463,control,1,0
cont_01413,control,0,0
trea_00187,treatment,0,0
cont_00398,control,0,0
cont_01558,control,0,0
cont_01397,control,0,0
trea_00994,treatment,0,0
cont_00110,control,0,0
trea_00825,treatment,0,0
cont_01428,control,0,0
cont_01500,control,0,0
cont_00525,control,0,0
cont_00184,control,0,0
trea_01515,treatment,0,0
cont_00115,control,0,0
cont_00251,control,0,0
cont_01312,control,0,0
cont_01165,control,1,0
cont_01444,control,0,0
trea_01204,treatment,0,0
trea_00960,treatment,0,1
cont_01547,control,0,0
trea_00854,treatment,0,1
trea_00460,treatment,1,0
cont_01078,control,0,0
trea_00037,treatment,0,0
cont_00228,control,0,0
trea_00509,treatment,0,0
cont_00640,control,0,0
trea_00736,treatment,0,0
trea_00383,treatment,0,0
trea_00358,treatment,0,0
trea_00777,treatment,0,0
trea_00643,treatment,0,0
trea_01241,treatment,0,0
trea_01541,treatment,0,0
trea_01137,treatment,0,0
trea_00443,treatment,0,0
trea_01198,treatment,1,0
trea_00764,treatment,1,0
cont_00448,control,0,0
trea_00430,treatment,0,0
trea_00027,treatment,1,0
trea_01365,treatment,0,0
cont_01279,control,0,0
cont_00550,control,0,0
trea_00198,treatment,0,0
trea_01529,treatment,0,0
cont_00672,control,0,0
trea_01326,treatment,0,0
cont_01241,control,0,0
trea_01134,treatment,1,0
trea_00714,treatment,0,0
cont_00724,control,0,0
cont_00134,control,0,0
cont_00147,control,0,1
trea_00316,treatment,0,0
trea_00246,treatment,0,1
cont_01541,control,0,0
cont_01288,control,0,0
trea_00277,treatment,0,0
trea_00005,treatment,0,0
cont_00487,control,0,0
trea_00196,treatment,0,0
cont_00129,control,0,0
cont_00072,control,0,0
trea_00672,treatment,0,0
trea_00648,treatment,0,0
cont_01407,control,0,1
trea_00655,treatment,0,0
cont_01071,control,0,1
trea_00501,treatment,0,0
trea_00442,treatment,0,0
trea_00473,treatment,0,0
trea_01145,treatment,0,0
cont_01202,control,0,0
cont_00827,control,0,0
trea_00342,treatment,0,1
trea_00450,treatment,0,0
trea_00563,treatment,0,0
trea_01141,treatment,1,0
cont_00313,control,0,0
cont_00394,control,0,0
trea_00986,treatment,0,0
trea_00981,treatment,0,0
cont_01240,control,0,0
cont_00625,control,0,0
cont_01339,control,0,0
trea_01216,treatment,0,0
trea_00910,treatment,0,0
trea_00001,treatment,0,0
cont_00733,control,0,0
cont_00109,control,0,0
trea_01211,treatment,1,0
trea_00474,treatment,1,0
cont_00279,control,1,0
cont_00216,control,0,0
trea_01456,treatment,0,0
cont_00407,control,0,0
cont_00121,control,0,0
cont_00551,control,0,0
trea_01007,treatment,0,1
cont_00945,control,0,0
trea_00470,treatment,0,0
trea_00438,treatment,0,0
cont_01026,control,0,0
cont_00500,control,0,0
cont_00442,control,1,0
trea_00296,treatment,0,0
cont_00603,control,1,0
cont_01142,control,1,0
trea_00528,treatment,0,0
trea_00418,treatment,0,0
trea_00090,treatment,0,0
trea_00904,treatment,0,0
trea_01164,treatment,0,0
trea_01535,treatment,1,0
cont_01458,control,0,0
trea_00073,treatment,0,1
trea_01071,treatment,0,0
cont_01118,control,0,0
trea_00865,treatment,0,0
trea_00817,treatment,1,0
trea_01356,treatment,0,0
cont_01140,control,0,0
trea_00478,treatment,0,0
trea_01404,treatment,0,0
trea_00173,treatment,1,0
cont_00953,control,0,0
cont_00502,control,0,0
trea_00089,treatment,0,0
trea_00870,treatment,0,0
cont_00820,control,0,1
cont_01387,control,0,0
cont_00815,control,0,0
cont_01489,control,0,0
cont_00265,control,0,0
cont_00691,control,0,0
trea_01470,treatment,1,0
cont_00416,control,0,0
trea_00852,treatment,0,0
trea_01280,treatment,0,1
trea_00074,treatment,0,0
trea_00051,treatment,1,0
cont_00587,control,0,0
cont_00488,control,0,0
cont_00348,control,0,1
trea_01205,treatment,0,0
trea_01131,treatment,0,0
trea_00574,treatment,0,0
trea_00228,treatment,0,0
trea_00057,treatment,0,0
cont_00430,control,0,0
trea_01186,treatment,0,0
trea_00447,treatment,1,0
trea_01195,treatment,1,0
cont_00052,control,0,0
cont_00734,control,0,0
cont_01505,control,0,0
trea_01215,treatment,0,0
trea_00382,treatment,0,0
cont_00285,control,0,0
cont_00773,control,0,0
trea_00186,treatment,0,0
cont_01190,control,0,0
trea_00102,treatment,0,0
trea_00702,treatment,0,0
cont_00925,control,0,0
trea_00252,treatment,0,0
trea_01248,treatment,0,0
cont_01277,control,0,0
trea_01449,treatment,0,0
trea_00893,treatment,0,0
trea_00305,treatment,0,0
cont_01161,control,0,0
trea_00010,treatment,1,0
cont_00473,control,0,0
trea_00456,treatment,0,1
cont_01343,control,0,0
cont_00336,control,0,0
cont_00166,control,0,0
trea_01391,treatment,1,0
trea_00716,treatment,0,0
cont_01180,control,0,0
trea_01320,treatment,1,0
cont_01479,control,0,0
trea_01556,treatment,0,0
trea_00464,treatment,0,0
cont_00556,control,1,0
trea_00562,treatment,1,0
cont_00451,control,1,0
